Workbook

Sheet Sprint 1
A1: Project name: | C1: Xây dựng website đặt tour du lịch tích hợp hệ thống gợi ý dựa trên AI | F1: Kết thúc đúng hạn
A2: Module name: | C2: Sprint 1 | F2: Muộn
A3: Start date: | C3: 46103 | F3: Trước thời hạn
A4: End date: | C4: 46126 | F4: Kết thúc đúng hạn
B6: SPRINT 1 REPORT
B7: No | C7: Thành viên | D7: Thực tế | E7: Ước tính
B8: 1 | C8: Phạm Văn Bảo | D8: =SUMIF($E$16:$F$84,"Bảo",$G$16:$G$84)+SUMIF($E$16:$F$84,"All team",$G$16:$G$84)/5+SUMIF($E$16:$F$84,"Bảo,Quân",$G$16:$G$84)/2+SUMIF($E$16:$F$84,"Bảo,Trung",$G$16:$G$84)/2 -> 37.5 | E8: =SUMIF($E$16:$F$84,"Bảo",$H$16:$H$84)+SUMIF($E$16:$F$84,"All team",$H$16:$H$84)/5+SUMIF($E$16:$F$84,"Bảo,Quân",$H$16:$H$84)/2+SUMIF($E$16:$F$84,"Bảo,Trung",$H$16:$H$84)/2 -> 41.2
B9: 2 | C9: Phạm Minh Quân | D9: =SUMIF($E$16:$F$84,"Quân",$G$16:$G$84)+SUMIF($E$16:$F$84,"All team",$G$16:$G$84)/5+SUMIF($E$16:$F$84,"Bảo,Quân",$G$16:$G$84)/2+SUMIF($E$16:$F$84,"Quân,Trung",$G$16:$G$84)/2 -> 30.5 | E9: =SUMIF($E$16:$F$84,"Quân",$H$16:$H$84)+SUMIF($E$16:$F$84,"All team",$H$16:$H$84)/5+SUMIF($E$16:$F$84,"Bảo,Quân",$H$16:$H$84)/2+SUMIF($E$16:$F$84,"Quân,Trung",$H$16:$H$84)/2 -> 30.2
B10: 3 | C10: Võ Hồ Thành Trung | D10: =SUMIF($E$16:$F$84,"Trung",$G$16:$G$84)+SUMIF($E$16:$F$84,"All team",$G$16:$G$84)/5+SUMIF($E$16:$F$84,"Bảo,Trung",$G$16:$G$84)/2+SUMIF($E$16:$F$84,"Quân,Trung",$G$16:$G$84)/2 -> 34.5 | E10: =SUMIF($E$16:$F$84,"Trung",$H$16:$H$84)+SUMIF($E$16:$F$84,"All team",$H$16:$H$84)/5+SUMIF($E$16:$F$84,"Bảo,Trung",$H$16:$H$84)/2+SUMIF($E$16:$F$84,"Quân,Trung",$H$16:$H$84)/2 -> 36.2
B11: 4 | C11: Lê Thanh Hà | D11: =SUMIF($E$16:$F$84,"Hà",$G$16:$G$84)+SUMIF($E$16:$F$84,"All team",$G$16:$G$84)/5+SUMIF($E$16:$F$84,"Hà,Luân",$G$16:$G$84)/2 -> 33.5 | E11: =SUMIF($E$16:$F$84,"Hà",$H$16:$H$84)+SUMIF($E$16:$F$84,"All team",$H$16:$H$84)/5+SUMIF($E$16:$F$84,"Hà,Luân",$H$16:$H$84)/2 -> 37.2
B12: 5 | C12: Nguyễn Thành Luân | D12: =SUMIF($E$16:$F$84,"Luân",$G$16:$G$84)+SUMIF($E$16:$F$84,"All team",$G$16:$G$84)/5+SUMIF($E$16:$F$84,"Hà,Luân",$G$16:$G$84)/2 -> 28 | E12: =SUMIF($E$16:$F$84,"Luân",$H$16:$H$84)+SUMIF($E$16:$F$84,"All team",$H$16:$H$84)/5+SUMIF($E$16:$F$84,"Hà,Luân",$H$16:$H$84)/2 -> 28.2
B13: Tổng | D13: =SUM(D8:D12) -> 164 | E13: =SUM(E8:E12) -> 173
A15: Sprint | B15: Compoment | C15: Task name | E15: Responsible Member | G15: Thực tế | H15: Ước tính | I15: 46100 | J15: 46101 | K15: 46102 | L15: 46103 | M15: 46104 | N15: 46105 | O15: 46106 | P15: 46107 | Q15: 46108 | R15: 46109 | S15: 46110 | T15: 46111 | U15: 46112 | V15: 46113 | W15: 46114
A16: Sprint 1 | B16: Họp kế hoạch Sprint | E16: All team | G16: 8 | H16: 8 | I16: 0 | J16: 0 | K16: 0 | L16: 0 | M16: 0 | N16: 0 | O16: 0 | P16: 0 | Q16: 0 | R16: 0 | S16: 0 | T16: 0 | U16: 0 | V16: 0 | W16: 0
B17: Tạo Sprint Backlog 1 | E17: Bảo,Trung | G17: 12 | H17: 12 | I17: 12 | J17: 0 | K17: 0 | L17: 0 | M17: 0 | N17: 0 | O17: 0 | P17: 0 | Q17: 0 | R17: 0 | S17: 0 | T17: 0 | U17: 0 | V17: 0 | W17: 0
B18: Tạo tài liệu kiểm thử cho Sprint | E18: Hà,Luân | G18: 10 | H18: 10 | I18: 10 | J18: 0 | K18: 0 | L18: 0 | M18: 0 | N18: 0 | O18: 0 | P18: 0 | Q18: 0 | R18: 0 | S18: 0 | T18: 0 | U18: 0 | V18: 0 | W18: 0
B19: User interface design | C19: Giao diện đăng ký | E19: Trung | G19: 0.5 | H19: 1 | I19: 1 | J19: 0.5 | K19: 0 | L19: 0 | M19: 0 | N19: 0 | O19: 0 | P19: 0 | Q19: 0 | R19: 0 | S19: 0 | T19: 0 | U19: 0 | V19: 0 | W19: 0
K20: 0.5
C21: Giao diện đăng nhập | E21: Trung | G21: 1 | H21: 1 | I21: 1 | J21: 1 | K21: 0 | L21: 0 | M21: 0 | N21: 0 | O21: 0 | P21: 0 | Q21: 0 | R21: 0 | S21: 0 | T21: 0 | U21: 0 | V21: 0 | W21: 0
C22: Giao diện đăng xuất | E22: Luân | G22: 1 | H22: 1 | I22: 1 | J22: 1 | K22: 0 | L22: 0 | N22: 0 | O22: 0 | P22: 0 | Q22: 0 | R22: 0 | S22: 0 | T22: 0 | U22: 0 | V22: 0 | W22: 0
C23: Giao diện quên mật khẩu | E23: Luân | G23: 1 | H23: 1 | I23: 1 | J23: 1 | K23: 0 | L23: 0 | M23: 0 | N23: 0 | O23: 0 | P23: 0 | Q23: 0 | R23: 0 | S23: 0 | T23: 0 | U23: 0 | V23: 0 | W23: 0
C24: Giao diện xem thông tin tour | E24: Quân | G24: 1 | H24: 1 | I24: 1 | J24: 1 | K24: 0 | L24: 0 | M24: 0 | N24: 0 | O24: 0 | P24: 0 | Q24: 0 | R24: 0 | S24: 0 | T24: 0 | U24: 0 | V24: 0 | W24: 0
C25: Giao diện đặt tour | E25: Hà | G25: 1 | H25: 2 | I25: 2 | J25: 1 | K25: 0 | L25: 0 | M25: 0 | N25: 0 | O25: 0 | P25: 0 | Q25: 0 | R25: 0 | S25: 0 | T25: 0 | U25: 0 | V25: 0 | W25: 0
K26: 1
C27: Giao diện thanh toán | E27: Quân | G27: 2 | H27: 2 | I27: 2 | J27: 2 | K27: 0 | L27: 0 | M27: 0 | N27: 0 | O27: 0 | P27: 0 | Q27: 0 | R27: 0 | S27: 0 | T27: 0 | U27: 0 | V27: 0 | W27: 0
C28: Review all user interfaces of sprint 1 | E28: All team | G28: 2 | H28: 4 | I28: 4 | J28: 2 | K28: 0 | L28: 0 | M28: 0 | N28: 0 | O28: 0 | P28: 0 | Q28: 0 | R28: 0 | S28: 0 | T28: 0 | U28: 0 | V28: 0 | W28: 0
K29: 2
B30: Design test case | C30: Thiêt kế trường kiểm thử cho đăng ký | E30: Luân | G30: 1.5 | H30: 1 | I30: 1 | J30: 1 | K30: 1 | L30: 0 | M30: 0 | N30: 0 | O30: 0 | P30: 0 | Q30: 0 | R30: 0 | S30: 0 | T30: 0 | U30: 0 | V30: 0 | W30: 0
L31: 0.5
C32: Thiêt kế trường kiểm thử cho đăng nhập | E32: Hà | G32: 1 | H32: 1 | I32: 1 | J32: 1 | K32: 1 | L32: 0 | M32: 0 | N32: 0 | O32: 0 | P32: 0 | Q32: 0 | R32: 0 | S32: 0 | T32: 0 | U32: 0 | V32: 0 | W32: 0
C33: Thiêt kế trường kiểm thử cho đăng xuất | E33: Quân | G33: 1 | H33: 1 | I33: 1 | J33: 1 | K33: 1 | L33: 0 | M33: 0 | N33: 0 | O33: 0 | P33: 0 | Q33: 0 | R33: 0 | S33: 0 | T33: 0 | U33: 0 | V33: 0 | W33: 0
C34: Thiêt kế trường kiểm thử cho quên mật khẩu | E34: Bảo | G34: 2 | H34: 2 | I34: 2 | J34: 2 | K34: 2 | L34: 0 | M34: 0 | N34: 0 | O34: 0 | P34: 0 | Q34: 0 | R34: 0 | S34: 0 | T34: 0 | U34: 0 | V34: 0 | W34: 0
C35: Thiêt kế trường kiểm thử cho xem thông tin tour | E35: Trung | G35: 2 | H35: 2 | I35: 2 | J35: 2 | K35: 2 | L35: 0 | M35: 0 | N35: 0 | O35: 0 | P35: 0 | Q35: 0 | R35: 0 | S35: 0 | T35: 0 | U35: 0 | V35: 0 | W35: 0
C36: Thiêt kế trường kiểm thử cho đặt tour | E36: Hà | G36: 2 | H36: 2 | I36: 2 | J36: 2 | K36: 2 | L36: 0 | M36: 0 | N36: 0 | O36: 0 | P36: 0 | Q36: 0 | R36: 0 | S36: 0 | T36: 0 | U36: 0 | V36: 0 | W36: 0
C37: Thiêt kế trường kiểm thử cho thanh toán | E37: Luân | G37: 1 | H37: 1 | I37: 1 | J37: 1 | K37: 1 | L37: 0 | M37: 0 | N37: 0 | O37: 0 | P37: 0 | Q37: 0 | R37: 0 | S37: 0 | T37: 0 | U37: 0 | V37: 0 | W37: 0
C38: Review all test case of Sprint 1 | E38: All team | G38: 5 | H38: 5 | I38: 5 | J38: 5 | K38: 5 | L38: 0 | M38: 0 | N38: 0 | O38: 0 | P38: 0 | Q38: 0 | R38: 0 | S38: 0 | T38: 0 | U38: 0 | V38: 0 | W38: 0
B39: Coding | C39: Code back-end cho đăng ký | E39: Bảo | G39: 5 | H39: 5 | I39: 5 | J39: 5 | K39: 5 | L39: 5 | M39: 0 | N39: 0 | O39: 0 | P39: 0 | Q39: 0 | R39: 0 | S39: 0 | T39: 0 | U39: 0 | V39: 0 | W39: 0
C40: Thiết kê front-end cho đằng ký | E40: Trung | G40: 2 | H40: 2 | I40: 2 | J40: 2 | K40: 2 | L40: 2 | M40: 0 | N40: 0 | O40: 0 | P40: 0 | Q40: 0 | R40: 0 | S40: 0 | T40: 0 | U40: 0 | V40: 0 | W40: 0
C41: Code back-end cho đăng nhập | E41: Bảo | G41: 5 | H41: 5 | I41: 5 | J41: 5 | K41: 5 | L41: 5 | M41: 0 | N41: 0 | O41: 0 | P41: 0 | Q41: 0 | R41: 0 | S41: 0 | T41: 0 | U41: 0 | V41: 0 | W41: 0
C42: Thiết kê front-end cho đăng nhập | E42: Quân | G42: 2 | H42: 2 | I42: 2 | J42: 2 | K42: 2 | L42: 2 | M42: 0 | N42: 0 | O42: 0 | P42: 0 | Q42: 0 | R42: 0 | S42: 0 | T42: 0 | U42: 0 | V42: 0 | W42: 0
C43: Code back-end cho đăng xuất | E43: Trung | G43: 0.5 | H43: 1 | I43: 1 | J43: 1 | K43: 1 | L43: 0.5 | M43: 0 | N43: 0 | O43: 0 | P43: 0 | Q43: 0 | R43: 0 | S43: 0 | T43: 0 | U43: 0 | V43: 0 | W43: 0
M44: 0.5
C45: Thiết kê front-end cho đăng xuất | E45: Quân | G45: 0.5 | H45: 1 | I45: 1 | J45: 1 | K45: 1 | L45: 1 | M45: 0.5 | N45: 0 | O45: 0 | P45: 0 | Q45: 0 | R45: 0 | S45: 0 | T45: 0 | U45: 0 | V45: 0 | W45: 0
N46: 0.5
C47: Code back-end cho quên mật khẩu | E47: Trung | G47: 6 | H47: 6 | I47: 6 | J47: 6 | K47: 6 | L47: 6 | M47: 6 | N47: 0 | O47: 0 | P47: 0 | Q47: 0 | R47: 0 | S47: 0 | T47: 0 | U47: 0 | V47: 0 | W47: 0
C48: Thiết kê front-end cho quên mật khẩu | E48: Trung | G48: 3 | H48: 3 | I48: 3 | J48: 3 | K48: 3 | L48: 3 | M48: 3 | N48: 0 | O48: 0 | P48: 0 | Q48: 0 | R48: 0 | S48: 0 | T48: 0 | U48: 0 | V48: 0 | W48: 0
C49: Code back-end cho xem thông tin tour | E49: Quân | G49: 4 | H49: 4 | I49: 4 | J49: 4 | K49: 4 | L49: 4 | M49: 4 | N49: 4 | O49: 0 | P49: 0 | Q49: 0 | R49: 0 | S49: 0 | T49: 0 | U49: 0 | V49: 0 | W49: 0
C50: Thiết kê front-end cho xem thông tin tour | E50: Quân | G50: 3 | H50: 3 | I50: 3 | J50: 3 | K50: 3 | L50: 3 | M50: 3 | N50: 0 | O50: 0 | P50: 0 | Q50: 0 | R50: 0 | S50: 0 | T50: 0 | U50: 0 | V50: 0 | W50: 0
C51: Code back-end cho đặt tour | E51: Bảo,Quân | G51: 9 | H51: 6 | I51: 6 | J51: 6 | K51: 6 | L51: 6 | M51: 6 | N51: 6 | O51: 6 | P51: 6 | Q51: 6 | R51: 6 | S51: 0 | T51: 0 | U51: 0 | V51: 0 | W51: 0
S52: 3
C53: Thiết kê front-end cho đặt tour | E53: Bảo,Quân | G53: 4 | H53: 4 | I53: 4 | J53: 4 | K53: 4 | L53: 4 | M53: 4 | N53: 4 | O53: 4 | P53: 0 | Q53: 0 | R53: 0 | S53: 0 | T53: 0 | U53: 0 | V53: 0 | W53: 0
C54: Code back-end cho thanh toán | E54: Bảo | G54: 1 | H54: 4 | I54: 4 | J54: 4 | K54: 4 | L54: 4 | M54: 4 | N54: 4 | O54: 4 | P54: 4 | Q54: 4 | R54: 4 | S54: 4 | T54: 1 | U54: 0 | V54: 0 | W54: 0
U55: 2
C56: Thiết kê front-end cho thanh toán | E56: Bảo | G56: 1 | H56: 3 | I56: 3 | J56: 3 | K56: 3 | L56: 3 | M56: 3 | N56: 3 | O56: 3 | P56: 3 | Q56: 3 | R56: 3 | S56: 1 | T56: 0 | U56: 0 | V56: 0 | W56: 0
T57: 2
C58: Integrate code | E58: All team | G58: 4 | H58: 4 | I58: 4 | J58: 4 | K58: 4 | L58: 4 | M58: 4 | N58: 4 | O58: 4 | P58: 4 | Q58: 4 | R58: 4 | S58: 4 | T58: 4 | U58: 0 | V58: 0 | W58: 0
B59: Testing | C59: Kiểm tra đăng ký | E59: Hà | G59: 4 | H59: 4 | I59: 4 | J59: 4 | K59: 4 | L59: 4 | M59: 4 | N59: 0 | O59: 0 | P59: 0 | Q59: 0 | R59: 0 | S59: 0 | T59: 0 | U59: 0 | V59: 0 | W59: 0
C60: Kiểm tra đăng nhập | E60: Luân | G60: 2 | H60: 2 | I60: 2 | J60: 2 | K60: 2 | L60: 2 | M60: 2 | N60: 0 | O60: 0 | P60: 0 | Q60: 0 | R60: 0 | S60: 0 | T60: 0 | U60: 0 | V60: 0 | W60: 0
C61: Kiểm tra đăng xuất | E61: Hà | G61: 1 | H61: 1 | I61: 1 | J61: 1 | K61: 1 | L61: 1 | M61: 1 | N61: 0 | O61: 0 | P61: 0 | Q61: 0 | R61: 0 | S61: 0 | T61: 0 | U61: 0 | V61: 0 | W61: 0
C62: Kiểm tra quên mật khẩu | E62: Luân | G62: 1 | H62: 1 | I62: 1 | J62: 1 | K62: 1 | L62: 1 | M62: 1 | N62: 1 | O62: 0 | P62: 0 | Q62: 0 | R62: 0 | S62: 0 | T62: 0 | U62: 0 | V62: 0 | W62: 0
C63: Kiểm tra xem thông tin tour | E63: Hà | G63: 2 | H63: 4 | I63: 4 | J63: 4 | K63: 4 | L63: 4 | M63: 4 | N63: 4 | O63: 2 | P63: 0 | Q63: 0 | R63: 0 | S63: 0 | T63: 0 | U63: 0 | V63: 0 | W63: 0
P64: 2
C65: Kiểm tra đặt tour | E65: Luân | G65: 4 | H65: 4 | I65: 4 | J65: 4 | K65: 4 | L65: 4 | M65: 4 | N65: 4 | O65: 4 | P65: 4 | Q65: 4 | R65: 4 | S65: 4 | T65: 0 | U65: 0 | V65: 0 | W65: 0
C66: Kiểm tra thanh toán | E66: Hà | G66: 4 | H66: 4 | I66: 4 | J66: 4 | K66: 4 | L66: 4 | M66: 4 | N66: 4 | O66: 4 | P66: 4 | Q66: 4 | R66: 4 | S66: 4 | T66: 4 | U66: 4 | V66: 0 | W66: 0
B67: Fix Bug | C67: Sửa lỗi đăng ký | E67: Bảo,Trung | G67: 2 | H67: 2 | I67: 2 | J67: 2 | K67: 2 | L67: 2 | M67: 2 | N67: 2 | O67: 0 | P67: 0 | Q67: 0 | R67: 0 | S67: 0 | T67: 0 | U67: 0 | V67: 0 | W67: 0
C68: Sửa lỗi đăng nhập | E68: Bảo,Quân | G68: 2 | H68: 2 | I68: 2 | J68: 2 | K68: 2 | L68: 2 | M68: 2 | N68: 2 | O68: 0 | P68: 0 | Q68: 0 | R68: 0 | S68: 0 | T68: 0 | U68: 0 | V68: 0 | W68: 0
C69: Sửa lỗi đăng đăng xuất | E69: Quân,Trung | G69: 2 | H69: 2 | I69: 2 | J69: 2 | K69: 2 | L69: 2 | M69: 2 | N69: 2 | O69: 0 | P69: 0 | Q69: 0 | R69: 0 | S69: 0 | T69: 0 | U69: 0 | V69: 0 | W69: 0
C70: Sửa lỗi đăng quên mật khẩu | E70: Trung | G70: 6 | H70: 6 | I70: 6 | J70: 6 | K70: 6 | L70: 6 | M70: 6 | N70: 6 | O70: 6 | P70: 0 | Q70: 0 | R70: 0 | S70: 0 | T70: 0 | U70: 0 | V70: 0 | W70: 0
C71: Sửa lỗi đăng xem thông tin tour | E71: Quân | G71: 2 | H71: 2 | I71: 2 | J71: 2 | K71: 2 | L71: 2 | M71: 2 | N71: 2 | O71: 2 | P71: 2 | Q71: 0 | R71: 0 | S71: 0 | T71: 0 | U71: 0 | V71: 0 | W71: 0
C72: Sửa lỗi đặt tour | E72: Bảo,Quân | G72: 2 | H72: 2 | I72: 2 | J72: 2 | K72: 2 | L72: 2 | M72: 2 | N72: 2 | O72: 2 | P72: 2 | Q72: 2 | R72: 2 | S72: 2 | T72: 2 | U72: 0 | V72: 0 | W72: 0
C73: Sửa lỗi thanh toán | E73: Bảo | G73: 2.5 | H73: 2 | I73: 2 | J73: 2 | K73: 2 | L73: 2 | M73: 2 | N73: 2 | O73: 2 | P73: 2 | Q73: 2 | R73: 2 | S73: 2 | T73: 2 | U73: 2 | V73: 0 | W73: 0
V74: 2.5
B75: Re-testing | C75: Kiểm tra lại đăng ký | E75: Hà | G75: 2 | H75: 2 | I75: 2 | J75: 2 | K75: 2 | L75: 2 | M75: 2 | N75: 2 | O75: 0 | P75: 0 | Q75: 0 | R75: 0 | S75: 0 | T75: 0 | U75: 0 | V75: 0 | W75: 0
C76: Kiểm tra lại đăng nhập | E76: Luân | G76: 2 | H76: 2 | I76: 2 | J76: 2 | K76: 2 | L76: 2 | M76: 2 | N76: 2 | O76: 0 | P76: 0 | Q76: 0 | R76: 0 | S76: 0 | T76: 0 | U76: 0 | V76: 0 | W76: 0
C77: Kiểm tra lại đăng xuất | E77: Hà | G77: 2 | H77: 2 | I77: 2 | J77: 2 | K77: 2 | L77: 2 | M77: 2 | N77: 2 | O77: 0 | P77: 0 | Q77: 0 | R77: 0 | S77: 0 | T77: 0 | U77: 0 | V77: 0 | W77: 0
C78: Kiểm tra lại quên mật khẩu | E78: Luân | G78: 2 | H78: 2 | I78: 2 | J78: 2 | K78: 2 | L78: 2 | M78: 2 | N78: 2 | O78: 2 | P78: 0 | Q78: 0 | R78: 0 | S78: 0 | T78: 0 | U78: 0 | V78: 0 | W78: 0
C79: Kiểm tra lại xem thông tin tour | E79: Hà | G79: 2 | H79: 2 | I79: 2 | J79: 2 | K79: 2 | L79: 2 | M79: 2 | N79: 2 | O79: 2 | P79: 2 | Q79: 2 | R79: 0 | S79: 0 | T79: 0 | U79: 0 | V79: 0 | W79: 0
C80: Kiểm tra lại đặt tour | E80: Luân | G80: 2 | H80: 2 | I80: 2 | J80: 2 | K80: 2 | L80: 2 | M80: 2 | N80: 2 | O80: 2 | P80: 2 | Q80: 2 | R80: 2 | S80: 2 | T80: 2 | U80: 0 | V80: 0 | W80: 0
C81: Kiểm tra lại thanh toán | E81: Hà | G81: 2 | H81: 2 | I81: 2 | J81: 2 | K81: 2 | L81: 2 | M81: 2 | N81: 2 | O81: 2 | P81: 2 | Q81: 2 | R81: 2 | S81: 2 | T81: 2 | U81: 2 | V81: 2 | W81: 0
B82: Release Sprint 1 | C82: Sprint 1 review meeting | E82: All team | G82: 3.5 | H82: 5 | I82: 5 | J82: 5 | K82: 5 | L82: 5 | M82: 5 | N82: 5 | O82: 5 | P82: 5 | Q82: 5 | R82: 5 | S82: 5 | T82: 5 | U82: 5 | V82: 3.5 | W82: 0
W83: 1.5
C84: Sprint 1 retrospective | E84: All team | G84: 5 | H84: 5 | I84: 5 | J84: 5 | K84: 5 | L84: 5 | M84: 5 | N84: 5 | O84: 5 | P84: 5 | Q84: 5 | R84: 5 | S84: 5 | T84: 5 | U84: 5 | V84: 5 | W84: 0
B85: Tổng | E85: Thực tế | G85: =SUM(G16:G84) -> 164 | I85: =SUM(I16:I84) -> 165 | J85: =SUM(J16:J84) -> 139.5 | K85: =SUM(K16:K84)-K29-K26-K20 -> 130 | L85: =SUM(L16:L84) -> 115 | M85: =SUM(M16:M84)-M44 -> 99.5 | N85: =SUM(N16:N84)-N46 -> 80 | O85: =SUM(O16:O84) -> 61 | P85: =SUM(P16:P84)-P64 -> 47 | Q85: =SUM(Q16:Q84) -> 45 | R85: =SUM(R16:R84) -> 43 | S85: =SUM(S16:S84) -> 38 | T85: =SUM(T16:T84)-T57 -> 27 | U85: =SUM(U16:U84)-U55 -> 18 | V85: =SUM(V16:V84) -> 13 | W85: =SUM(W16:X84)-W83 -> 0
E86: Ước tính | G86: =SUM(H16:H84) -> 173 | I86: =SUM(I16:I83) -> 160 | J86: =SUM(J17:J84)+K29+J25+J19 -> 143 | K86: =SUM(K17:K84)-K29-K26-K20 -> 130 | L86: =SUM(L17:L84)-L31 -> 114.5 | M86: =SUM(M17:M84)-M44+N46 -> 100 | N86: =SUM(N16:N83)-N46 -> 75 | O86: =SUM(O17:O84)+P64 -> 63 | P86: =SUM(P16:P84)-P64 -> 47 | Q86: =SUM(Q17:Q84) -> 45 | R86: =SUM(R17:R84) -> 43 | S86: =SUM(S17:S84)-S52+T57 -> 37 | T86: =SUM(T17:T84)-T57+U55 -> 29 | U86: =SUM(U16:U84)-U55 -> 18 | V86: =SUM(V17:V84)-V74+W83 -> 12 | W86: =SUM(W17:W84)-W83 -> 0

Sheet Sprint 2
A1: Project name: | C1: Xây dựng website đặt tour du lịch tích hợp hệ thống gợi ý dựa trên AI | F1: Muộn
A2: Module name: | C2: Sprint 2 | F2: Trước thời hạn
A3: Start date: | C3: 46127 | F3: Kết thúc đúng hạn
A4: End date: | C4: 46140
B6: SPRINT 2 REPORT
B7: No | C7: Thành viên | D7: Thực tế | E7: Ước tính
B8: 1 | C8: Phạm Văn Bảo | D8: =SUMIF($E$16:$F$87,"Bảo",$G$16:$G$87)+SUMIF($E$16:$F$87,"All team",$G$16:$G$87)/5+SUMIF($E$16:$F$87,"Bảo,Quân",$G$16:$G$87)/2+SUMIF($E$16:$F$87,"Bảo,Trung",$G$16:$G$87)/2 -> 34.1 | E8: =SUMIF($E$16:$F$90,"Bảo",$H$16:$H$90)+SUMIF($E$16:$F$90,"All team",$H$16:$H$90)/5+SUMIF($E$16:$F$90,"Bảo,Quân",$H$16:$H$90)/2+SUMIF($E$16:$F$90,"Bảo,Trung",$H$16:$H$90)/2 -> 32.2
B9: 2 | C9: Phạm Minh Quân | D9: =SUMIF($E$16:$F$87,"Quân",$G$16:$G$87)+SUMIF($E$16:$F$87,"All team",$G$16:$G$87)/5+SUMIF($E$16:$F$87,"Bảo,Quân",$G$16:$G$87)/2+SUMIF($E$16:$F$87,"Quân,Trung",$G$16:$G$87)/2 -> 46.6 | E9: =SUMIF($E$16:$F$87,"Quân",$H$16:$H$87)+SUMIF($E$16:$F$87,"All team",$H$16:$H$87)/5+SUMIF($E$16:$F$87,"Bảo,Quân",$H$16:$H$87)/2+SUMIF($E$16:$F$87,"Quân,Trung",$H$16:$H$87)/2 -> 49.2
B10: 3 | C10: Võ Hồ Thành Trung | D10: =SUMIF($E$16:$F$87,"Trung*",$G$16:$G$87)+SUMIF($E$16:$F$87,"All team",$G$16:$G$87)/5+SUMIF($E$16:$F$87,"Bảo,Trung",$G$16:$G$87)/2++SUMIF($E$16:$F$87,"Quân,Trung",$G$16:$G$87)/2 -> 32.1 | E10: =SUMIF($E$16:$F$87,"Trung*",$H$16:$H$87)+SUMIF($E$16:$F$87,"All team",$H$16:$H$87)/5+SUMIF($E$16:$F$87,"Bảo,Trung",$H$16:$H$87)/2++SUMIF($E$16:$F$87,"Quân,Trung",$H$16:$H$87)/2 -> 27.2
B11: 4 | C11: Lê Thanh Hà | D11: =SUMIF($E$16:$F$87,"Hà",$G$16:$G$87)+SUMIF($E$16:$F$87,"All team",$G$16:$G$87)/5 -> 48.6 | E11: =SUMIF($E$16:$F$87,"Hà",$H$16:$H$87)+SUMIF($E$16:$F$87,"All team",$H$16:$H$87)/5 -> 43.2
B12: 5 | C12: Nguyễn Thành Luân | D12: =SUMIF($E$16:$F$87,"Luân*",$G$16:$G$87)+SUMIF($E$16:$F$87,"All team",$G$16:$G$87)/5+SUMIF($E$16:$F$87,"Hà,Luân",$G$16:$G$87)/2 -> 32.6 | E12: =SUMIF($E$16:$F$87,"Luân*",$H$16:$H$87)+SUMIF($E$16:$F$87,"All team",$H$16:$H$87)/5+SUMIF($E$16:$F$87,"Hà,Luân",$H$16:$H$87)/2 -> 30.2
B13: Tổng | D13: =SUM(D8:D12) -> 194 | E13: =SUM(E8:E12) -> 182
A15: Sprint | B15: Compoment | C15: Task name | E15: Responsible Member | G15: Thực tế | H15: Ước tính | I15: 46115 | J15: 46116 | K15: 46117 | L15: 46118 | M15: 46119 | N15: 46120 | O15: 46121 | P15: 46122 | Q15: 46123 | R15: 46124 | S15: 46125 | T15: 46126 | U15: 46127 | V15: 46128
A16: Sprint 2 | B16: Họp kế hoạch Sprint | E16: All team | G16: 10 | H16: 10 | I16: 0 | J16: 0 | K16: 0 | L16: 0 | M16: 0 | N16: 0 | O16: 0 | P16: 0 | Q16: 0 | R16: 0 | S16: 0 | T16: 0 | U16: 0 | V16: 0
B17: Tạo Sprint Backlog 2 | E17: Bảo | G17: 5 | H17: 5 | I17: 5 | J17: 0 | K17: 0 | L17: 0 | M17: 0 | N17: 0 | O17: 0 | P17: 0 | Q17: 0 | R17: 0 | S17: 0 | T17: 0 | U17: 0 | V17: 0
B18: Tạo tài liệu kiểm thử cho Sprint | E18: Hà | G18: 5 | H18: 5 | I18: 5 | J18: 5 | K18: 0 | L18: 0 | M18: 0 | N18: 0 | O18: 0 | P18: 0 | Q18: 0 | R18: 0 | S18: 0 | T18: 0 | U18: 0 | V18: 0
B19: User interface design | C19: Giao diện quản lý thông tin cá nhân | E19: Hà | G19: 2 | H19: 2 | I19: 2 | J19: 2 | K19: 0 | L19: 0 | M19: 0 | N19: 0 | O19: 0 | P19: 0 | Q19: 0 | R19: 0 | S19: 0 | T19: 0 | U19: 0 | V19: 0
C20: Giao diện đánh giá | E20: Quân | G20: 2 | H20: 2 | I20: 2 | J20: 2 | K20: 0 | L20: 0 | M20: 0 | N20: 0 | O20: 0 | P20: 0 | Q20: 0 | R20: 0 | S20: 0 | T20: 0 | U20: 0 | V20: 0
C21: Giao diện quản lý tour | E21: Luân | G21: 3 | H21: 2 | I21: 2 | J21: 2 | K21: 0 | L21: 0 | M21: 0 | N21: 0 | O21: 0 | P21: 0 | Q21: 0 | R21: 0 | S21: 0 | T21: 0 | U21: 0 | V21: 0
K22: 1
C23: Giao diện quản lý dịch vụ | E23: Hà | G23: 2 | H23: 2 | I23: 2 | J23: 2 | K23: 0 | L23: 0 | M23: 0 | N23: 0 | O23: 0 | P23: 0 | Q23: 0 | R23: 0 | S23: 0 | T23: 0 | U23: 0 | V23: 0
C24: Giao diện quản lý đặt tour | E24: Trung | G24: 1 | H24: 2 | I24: 2 | J24: 1 | K24: 0 | L24: 0 | M24: 0 | N24: 0 | O24: 0 | P24: 0 | Q24: 0 | R24: 0 | S24: 0 | T24: 0 | U24: 0 | V24: 0
K25: 1
C26: Giao diện quản lý đánh giá | E26: Hà | G26: 2 | H26: 2 | I26: 2 | J26: 2 | K26: 0 | L26: 0 | M26: 0 | N26: 0 | O26: 0 | P26: 0 | Q26: 0 | R26: 0 | S26: 0 | T26: 0 | U26: 0 | V26: 0
C27: Giao diện xem hóa đơn | E27: Bảo | G27: 2 | H27: 2 | I27: 2 | J27: 2 | K27: 0 | L27: 0 | M27: 0 | N27: 0 | O27: 0 | P27: 0 | Q27: 0 | R27: 0 | S27: 0 | T27: 0 | U27: 0 | V27: 0
C28: Review all user interfaces of sprint 2 | E28: All team | G28: 4 | H28: 4 | I28: 4 | J28: 4 | K28: 0 | L28: 0 | M28: 0 | N28: 0 | O28: 0 | P28: 0 | Q28: 0 | R28: 0 | S28: 0 | T28: 0 | U28: 0 | V28: 0
B29: Design test case | C29: Thiết kế Quản lý thông tin cá nhân | E29: Hà | G29: 2 | H29: 2 | I29: 2 | J29: 2 | K29: 2 | L29: 0 | M29: 0 | N29: 0 | O29: 0 | P29: 0 | Q29: 0 | R29: 0 | S29: 0 | T29: 0 | U29: 0 | V29: 0
C30: Thiết kế Đánh giá | E30: Luân | G30: 2 | H30: 2 | I30: 2 | J30: 2 | K30: 2 | L30: 0 | M30: 0 | N30: 0 | O30: 0 | P30: 0 | Q30: 0 | R30: 0 | S30: 0 | T30: 0 | U30: 0 | V30: 0
C31: Thiết kế Quản lý tour | E31: Hà | G31: 2 | H31: 2 | I31: 2 | J31: 2 | K31: 2 | L31: 0 | M31: 0 | N31: 0 | O31: 0 | P31: 0 | Q31: 0 | R31: 0 | S31: 0 | T31: 0 | U31: 0 | V31: 0
C32: Thiết kế Quản lý dịch vụ | E32: Luân | G32: 3 | H32: 2 | I32: 2 | J32: 2 | K32: 2 | L32: 0 | M32: 0 | N32: 0 | O32: 0 | P32: 0 | Q32: 0 | R32: 0 | S32: 0 | T32: 0 | U32: 0 | V32: 0
L33: 1
C34: Thiết kế Quản lý đặt tour | E34: Hà | G34: 4 | H34: 2 | I34: 2 | J34: 2 | K34: 2 | L34: 0 | M34: 0 | N34: 0 | O34: 0 | P34: 0 | Q34: 0 | R34: 0 | S34: 0 | T34: 0 | U34: 0 | V34: 0
L35: 2 | M35: 0 | N35: 0 | O35: 0 | P35: 0 | Q35: 0 | R35: 0 | S35: 0 | T35: 0 | U35: 0 | V35: 0
C36: Thiết kế quản lý đánh giá | E36: Luân | G36: 2 | H36: 2 | I36: 2 | J36: 2 | K36: 2 | L36: 0 | M36: 0 | N36: 0 | O36: 0 | P36: 0 | Q36: 0 | R36: 0 | S36: 0 | T36: 0 | U36: 0 | V36: 0
C37: Thiết kế xem hóa đơn | E37: Hà | G37: 2 | H37: 2 | I37: 2 | J37: 2 | K37: 2 | L37: 2 | M37: 0 | N37: 0 | O37: 0 | P37: 0 | Q37: 0 | R37: 0 | S37: 0 | T37: 0 | U37: 0 | V37: 0
C38: Review all test case of Sprint 2 | E38: All team | G38: 7 | H38: 5 | I38: 5 | J38: 5 | K38: 5 | L38: 5 | M38: 0 | N38: 0 | O38: 0 | P38: 0 | Q38: 0 | R38: 0 | S38: 0 | T38: 0 | U38: 0 | V38: 0
M39: 2
B40: Coding | C40: Code back-end cho Quản lý thông tin cá nhân | E40: Hà | G40: 5 | H40: 2 | I40: 2 | J40: 2 | K40: 2 | L40: 2 | M40: 2 | N40: 2 | O40: 0 | P40: 0 | Q40: 0 | R40: 0 | S40: 0 | T40: 0 | U40: 0 | V40: 0
O41: 3
C42: Thiết kê front-end cho Quản lý thông tin cá nhân | E42: Hà | G42: 2 | H42: 2 | I42: 2 | J42: 2 | K42: 2 | L42: 2 | M42: 2 | N42: 2 | O42: 0 | P42: 0 | Q42: 0 | R42: 0 | S42: 0 | T42: 0 | U42: 0 | V42: 0
C43: Code back-end cho Đánh giá | E43: Quân | G43: 5 | H43: 7 | I43: 7 | J43: 7 | K43: 7 | L43: 7 | M43: 7 | N43: 7 | O43: 5 | P43: 0 | Q43: 0 | R43: 0 | S43: 0 | T43: 0 | U43: 0 | V43: 0
P44: 2 | Q44: 0 | R44: 0 | S44: 0 | T44: 0 | U44: 0 | V44: 0
C45: Thiết kê front-end cho Đánh giá | E45: Quân | G45: 2 | H45: 2 | I45: 2 | J45: 2 | K45: 2 | L45: 2 | M45: 2 | N45: 2 | O45: 2 | P45: 0 | Q45: 0 | R45: 0 | S45: 0 | T45: 0 | U45: 0 | V45: 0
C46: Code back-end cho Quản lý tour | E46: Bảo,Quân | G46: 5 | H46: 6 | I46: 6 | J46: 6 | K46: 6 | L46: 6 | M46: 6 | N46: 6 | O46: 6 | P46: 5 | Q46: 0 | R46: 0 | S46: 0 | T46: 0 | U46: 0 | V46: 0
Q47: 1 | R47: 0 | S47: 0 | T47: 0 | U47: 0 | V47: 0
C48: Thiết kê front-end cho Quản lý tour | E48: Quân | G48: 4 | H48: 4 | I48: 4 | J48: 4 | K48: 4 | L48: 4 | M48: 4 | N48: 4 | O48: 4 | P48: 4 | Q48: 0 | R48: 0 | S48: 0 | T48: 0 | U48: 0 | V48: 0
C49: Code back-end cho Quản lý dịch vụ | E49: Bảo,Trung | G49: 8 | H49: 8 | I49: 8 | J49: 8 | K49: 8 | L49: 8 | M49: 8 | N49: 8 | O49: 8 | P49: 0 | Q49: 0 | R49: 0 | S49: 0 | T49: 0 | U49: 0 | V49: 0
C50: Thiết kê front-end cho Quản lý dịch vụ | E50: Trung | G50: 9 | H50: 4 | I50: 4 | J50: 4 | K50: 4 | L50: 4 | M50: 4 | N50: 4 | O50: 4 | P50: 0 | Q50: 0 | R50: 0 | S50: 0 | T50: 0 | U50: 0 | V50: 0
P51: 5 | Q51: 0 | R51: 0 | S51: 0 | T51: 0 | U51: 0 | V51: 0
C52: Code back-end cho Quản lý đặt tour | E52: Quân | G52: 8 | H52: 8 | I52: 8 | J52: 8 | K52: 8 | L52: 8 | M52: 8 | N52: 8 | O52: 8 | P52: 0 | Q52: 0 | R52: 0 | S52: 0 | T52: 0 | U52: 0 | V52: 0
C53: Thiết kê front-end cho Quản lý đặt tour | E53: Trung | G53: 8 | H53: 8 | I53: 8 | J53: 8 | K53: 8 | L53: 8 | M53: 8 | N53: 8 | O53: 0 | P53: 0 | Q53: 0 | R53: 0 | S53: 0 | T53: 0 | U53: 0 | V53: 0
C54: Code back-end cho Quản lý đánh giá | E54: Quân | G54: 8 | H54: 8 | I54: 8 | J54: 8 | K54: 8 | L54: 8 | M54: 8 | N54: 8 | O54: 8 | P54: 8 | Q54: 8 | R54: 0 | S54: 0 | T54: 0 | U54: 0 | V54: 0
C55: Thiết kê front-end cho Quản lý đánh giá | E55: Quân | G55: 1.5 | H55: 2 | I55: 2 | J55: 2 | K55: 2 | L55: 2 | M55: 2 | N55: 2 | O55: 2 | P55: 1.5 | Q55: 0 | R55: 0 | S55: 0 | T55: 0 | U55: 0 | V55: 0
Q56: 0.5
C57: Code back-end cho Xem hóa đơn | E57: Bảo | G57: 4.5 | H57: 4 | I57: 4 | J57: 4 | K57: 4 | L57: 4 | M57: 4 | N57: 4 | O57: 4 | P57: 4 | Q57: 4 | R57: 4 | S57: 0 | T57: 0 | U57: 0 | V57: 0
S58: 0.5
C59: Thiết kê front-end cho Xem hóa đơn | E59: Bảo | G59: 4 | H59: 4 | I59: 4 | J59: 4 | K59: 4 | L59: 4 | M59: 4 | N59: 4 | O59: 4 | P59: 4 | Q59: 4 | R59: 4 | S59: 0 | T59: 0 | U59: 0 | V59: 0
C60: Integrate code | E60: All team | G60: 2 | H60: 2 | I60: 2 | J60: 2 | K60: 2 | L60: 2 | M60: 2 | N60: 2 | O60: 2 | P60: 2 | Q60: 2 | R60: 2 | S60: 0 | T60: 0 | U60: 0 | V60: 0
B61: Testing | C61: Kiểm tra Quản lý thông tin cá nhân | E61: Luân | G61: 1.5 | H61: 2 | I61: 2 | J61: 2 | K61: 2 | L61: 2 | M61: 2 | N61: 2 | O61: 1.5 | P61: 0 | Q61: 0 | R61: 0 | S61: 0 | T61: 0 | U61: 0 | V61: 0
P62: 0.5 | Q62: 0 | R62: 0 | S62: 0 | T62: 0 | U62: 0 | V62: 0
C63: Kiểm tra Đánh giá | E63: Hà | G63: 2 | H63: 2 | I63: 2 | J63: 2 | K63: 2 | L63: 2 | M63: 2 | N63: 2 | O63: 2 | P63: 2 | Q63: 0 | R63: 0 | S63: 0 | T63: 0 | U63: 0 | V63: 0
C64: Kiểm tra Quản lý tour | E64: Luân | G64: 2 | H64: 2 | I64: 2 | J64: 2 | K64: 2 | L64: 2 | M64: 2 | N64: 2 | O64: 2 | P64: 2 | Q64: 0 | R64: 0 | S64: 0 | T64: 0 | U64: 0 | V64: 0
C65: Kiểm tra Quản lý dịch vụ | E65: Hà | G65: 2 | H65: 2 | I65: 2 | J65: 2 | K65: 2 | L65: 2 | M65: 2 | N65: 2 | O65: 2 | P65: 2 | Q65: 0 | R65: 0 | S65: 0 | T65: 0 | U65: 0 | V65: 0
C66: Kiểm tra Quản lý đặt tour | E66: Luân | G66: 2 | H66: 2 | I66: 2 | J66: 2 | K66: 2 | L66: 2 | M66: 2 | N66: 2 | O66: 2 | P66: 2 | Q66: 0 | R66: 0 | S66: 0 | T66: 0 | U66: 0 | V66: 0
C67: Kiểm tra Quản lý đánh giá | E67: Luân | G67: 2 | H67: 2 | I67: 2 | J67: 2 | K67: 2 | L67: 2 | M67: 2 | N67: 2 | O67: 2 | P67: 2 | Q67: 2 | R67: 2 | S67: 0 | T67: 0 | U67: 0 | V67: 0
C68: Kiểm tra Xem hóa đơn | E68: Hà | G68: 2 | H68: 2 | I68: 2 | J68: 2 | K68: 2 | L68: 2 | M68: 2 | N68: 2 | O68: 2 | P68: 2 | Q68: 2 | R68: 2 | S68: 2 | T68: 0 | U68: 0 | V68: 0
B69: Fix Bug | C69: Sửa lỗi Quản lý thông tin cá nhân | E69: Hà | G69: 2 | H69: 2 | I69: 2 | J69: 2 | K69: 2 | L69: 2 | M69: 2 | N69: 2 | O69: 2 | P69: 2 | Q69: 0 | R69: 0 | S69: 0 | T69: 0 | U69: 0 | V69: 0
C70: Sửa lỗi Đánh giá | E70: Quân | G70: 2 | H70: 2 | I70: 2 | J70: 2 | K70: 2 | L70: 2 | M70: 2 | N70: 2 | O70: 2 | P70: 2 | Q70: 2 | R70: 0 | S70: 0 | T70: 0 | U70: 0 | V70: 0
C71: Sửa lỗi Quản lý tour | E71: Bảo,Quân | G71: 2 | H71: 2 | I71: 2 | J71: 2 | K71: 2 | L71: 2 | M71: 2 | N71: 2 | O71: 2 | P71: 2 | Q71: 2 | R71: 2 | S71: 0 | T71: 0 | U71: 0 | V71: 0
C72: Sửa lỗi Quản lý dịch vụ | E72: Bảo,Trung | G72: 3 | H72: 2 | I72: 2 | J72: 2 | K72: 2 | L72: 2 | M72: 2 | N72: 2 | O72: 2 | P72: 2 | Q72: 2 | R72: 0 | S72: 0 | T72: 0 | U72: 0 | V72: 0
R73: 1
C74: Sửa lỗi Quản lý đặt tour | E74: Quân,Trung | G74: 4 | H74: 4 | I74: 4 | J74: 4 | K74: 4 | L74: 4 | M74: 4 | N74: 4 | O74: 4 | P74: 4 | Q74: 4 | R74: 0 | S74: 0 | T74: 0 | U74: 0 | V74: 0
C75: Sửa lỗi Quản lý đánh giá | E75: Quân | G75: 2 | H75: 2 | I75: 2 | J75: 2 | K75: 2 | L75: 2 | M75: 2 | N75: 2 | O75: 2 | P75: 2 | Q75: 2 | R75: 2 | S75: 2 | T75: 0 | U75: 0 | V75: 0
C76: Sửa lỗi Xem hóa đơn | E76: Bảo | G76: 3 | H76: 2 | I76: 2 | J76: 2 | K76: 2 | L76: 2 | M76: 2 | N76: 2 | O76: 2 | P76: 2 | Q76: 2 | R76: 2 | S76: 2 | T76: 2 | U76: 0 | V76: 0
U77: 1
B78: Re-testing | C78: Kiểm tra lại Quản lý thông tin cá nhân | E78: Luân | G78: 2 | H78: 2 | I78: 2 | J78: 2 | K78: 2 | L78: 2 | M78: 2 | N78: 2 | O78: 2 | P78: 2 | Q78: 2 | R78: 0 | S78: 0 | T78: 0 | U78: 0 | V78: 0
C79: Kiểm tra lại Đánh giá | E79: Hà | G79: 2 | H79: 2 | I79: 2 | J79: 2 | K79: 2 | L79: 2 | M79: 2 | N79: 2 | O79: 2 | P79: 2 | Q79: 2 | R79: 2 | S79: 0 | T79: 0 | U79: 0 | V79: 0
C80: Kiểm tra lại Quản lý tour | E80: Luân | G80: 2 | H80: 2 | I80: 2 | J80: 2 | K80: 2 | L80: 2 | M80: 2 | N80: 2 | O80: 2 | P80: 2 | Q80: 2 | R80: 2 | S80: 2 | T80: 0 | U80: 0 | V80: 0
C81: Kiểm tra lại Quản lý dịch vụ | E81: Hà | G81: 2 | H81: 2 | I81: 2 | J81: 2 | K81: 2 | L81: 2 | M81: 2 | N81: 2 | O81: 2 | P81: 2 | Q81: 2 | R81: 2 | S81: 0 | T81: 0 | U81: 0 | V81: 0
C82: Kiểm tra lại Quản lý đặt tour | E82: Luân | G82: 2.5 | H82: 2 | I82: 2 | J82: 2 | K82: 2 | L82: 2 | M82: 2 | N82: 2 | O82: 2 | P82: 2 | Q82: 2 | R82: 2 | S82: 0 | T82: 0 | U82: 0 | V82: 0
S83: 0.5
C84: Kiểm tra lại Quản lý đánh giá | E84: Luân | G84: 2 | H84: 2 | I84: 2 | J84: 2 | K84: 2 | L84: 2 | M84: 2 | N84: 2 | O84: 2 | P84: 2 | Q84: 2 | R84: 2 | S84: 2 | T84: 2 | U84: 0 | V84: 0
C85: Kiểm tra lại Xem hóa đơn | E85: Hà | G85: 2 | H85: 2 | I85: 2 | J85: 2 | K85: 2 | L85: 2 | M85: 2 | N85: 2 | O85: 2 | P85: 2 | Q85: 2 | R85: 2 | S85: 2 | T85: 2 | U85: 0 | V85: 0
B86: Release Sprint 2 | C86: Sprint 2 review meeting | E86: All team | G86: 5 | H86: 5 | I86: 5 | J86: 5 | K86: 5 | L86: 5 | M86: 5 | N86: 5 | O86: 5 | P86: 5 | Q86: 5 | R86: 5 | S86: 5 | T86: 5 | U86: 5 | V86: 0
C87: Sprint 2 retrospective | E87: All team | G87: 5 | H87: 5 | I87: 5 | J87: 5 | K87: 5 | L87: 5 | M87: 5 | N87: 5 | O87: 5 | P87: 5 | Q87: 5 | R87: 5 | S87: 5 | T87: 5 | U87: 5 | V87: 0
B88: Tổng | E88: Thực tế | G88: =SUM(G16:G87) -> 194 | I88: =SUM(I16:I87) -> 172 | J88: =SUM(J16:J87) -> 166 | K88: =SUM(K16:K87)-K25 -> 145 | L88: =SUM(L16:L87) -> 135 | M88: =SUM(M16:M87) -> 127 | N88: =SUM(N16:N87) -> 125 | O88: =SUM(O16:O87) -> 113.5 | P88: =SUM(P16:P87)-P62-P44 -> 85.5 | Q88: =SUM(Q16:Q87)-Q56-Q47 -> 60 | R88: =SUM(R16:R87) -> 43 | S88: =SUM(S16:S87) -> 23 | T88: =SUM(T16:T87) -> 16 | U88: =SUM(U16:U87) -> 11 | V88: =SUM(V16:V87) -> 0
E89: Ước tính | G89: =SUM(H16:H87) -> 182 | I89: =SUM(I16:I87) -> 172 | J89: =SUM(J16:J87)+J24 -> 167 | K89: =SUM(K16:K87)-K25-K22 -> 144 | L89: =SUM(L16:L87)-L35-L33 -> 132 | M89: =SUM(M16:M87)-M39 -> 125 | N89: =SUM(N16:N87) -> 125 | O89: =SUM(O16:O87)-O41+P44+P62 -> 113 | P89: =SUM(P16:P87)-P62-P51-P44+Q56+Q47 -> 82 | Q89: =SUM(Q16:Q87)-Q47-Q56 -> 60 | R89: =SUM(R16:R87)-R73 -> 42 | S89: =SUM(S16:S87)-S58-S83 -> 22 | T89: =SUM(T16:T87) -> 16 | U89: =SUM(U16:U87)-U77 -> 10 | V89: =SUM(V17:V88) -> 0

Sheet Sprint 3
A1: Project name: | C1: Xây dựng website đặt tour du lịch tích hợp hệ thống gợi ý dựa trên AI | F1: Muộn
A2: Module name: | C2: Sprint 3 | F2: Trước thời hạn
A3: Start date: | C3: 46141 | F3: Kết thúc đúng hạn
A4: End date: | C4: 46152
B6: SPRINT 3 REPORT
B7: No | C7: Thành viên | D7: Thực tế | E7: Ước tính
B8: 1 | C8: Phạm Văn Bảo | D8: =SUMIF($E$16:$F$79,"Bảo",$G$16:$G$79)+SUMIF($E$16:$F$79,"All team",$G$16:$G$79)/5+SUMIF($E$16:$F$79,"Bảo,Quân",$G$16:$G$79)/2+SUMIF($E$16:$F$79,"Bảo,Trung",$G$16:$G$79)/2+SUMIF($E$16:$F$79,"Bảo,Hà",$G$16:$G$79)/2 -> 65.6 | E8: =SUMIF($E$16:$F$79,"Bảo",$H$16:$H$79)+SUMIF($E$16:$F$79,"All team",$H$16:$H$79)/5+SUMIF($E$16:$F$79,"Bảo,Quân",$H$16:$H$79)/2+SUMIF($E$16:$F$79,"Bảo,Trung",$H$16:$H$79)/2+SUMIF($E$16:$F$79,"Bảo,Hà",$H$16:$H$79)/2 -> 49.6
B9: 2 | C9: Phạm Minh Quân | D9: =SUMIF($E$16:$F$79,"Quân",$G$16:$G$79)+SUMIF($E$16:$F$79,"All team",$G$16:$G$79)/5+SUMIF($E$16:$F$79,"Bảo,Quân",$G$16:$G$79)/2+SUMIF($E$16:$F$79,"Quân,Trung",$G$16:$G$79)/2 -> 39.6 | E9: =SUMIF($E$16:$F$79,"Quân",$H$16:$H$79)+SUMIF($E$16:$F$79,"All team",$H$16:$H$79)/5+SUMIF($E$16:$F$79,"Bảo,Quân",$H$16:$H$79)/2+SUMIF($E$16:$F$79,"Quân,Trung",$H$16:$H$79)/2 -> 42.6
B10: 3 | C10: Võ Hồ Thành Trung | D10: =SUMIF($E$16:$F$79,"Trung*",$G$16:$G$79)+SUMIF($E$16:$F$79,"All team",$G$16:$G$79)/5+SUMIF($E$16:$F$79,"Bảo,Trung",$G$16:$G$79)/2++SUMIF($E$16:$F$79,"Quân,Trung",$G$16:$G$79)/2 -> 14.6 | E10: =SUMIF($E$16:$F$79,"Trung*",$H$16:$H$79)+SUMIF($E$16:$F$79,"All team",$H$16:$H$79)/5+SUMIF($E$16:$F$79,"Bảo,Trung",$H$16:$H$79)/2++SUMIF($E$16:$F$79,"Quân,Trung",$H$16:$H$79)/2 -> 13.6
B11: 4 | C11: Lê Thanh Hà | D11: =SUMIF($E$16:$F$87,"Hà",$G$16:$G$87)+SUMIF($E$16:$F$87,"All team",$G$16:$G$87)/5+SUMIF($E$16:$F$87,"Bảo,Hà",$G$16:$G$87)/2 -> 41.1 | E11: =SUMIF($E$16:$F$87,"Hà",$H$16:$H$87)+SUMIF($E$16:$F$87,"All team",$H$16:$H$87)/5+SUMIF($E$16:$F$87,"Bảo,Hà",$H$16:$H$87)/2 -> 39.6
B12: 5 | C12: Nguyễn Thành Luân | D12: =SUMIF($E$16:$F$79,"Luân*",$G$16:$G$79)+SUMIF($E$16:$F$79,"All team",$G$16:$G$79)/5+SUMIF($E$16:$F$79,"Hà,Luân",$G$16:$G$79)/2 -> 30.6 | E12: =SUMIF($E$16:$F$79,"Luân",$H$16:$H$79)+SUMIF($E$16:$F$79,"ALL team",$H$16:$H$79)/5 -> 26.6
B13: Tổng | D13: =SUM(D8:D12) -> 191.5 | E13: =SUM(E8:E12) -> 172
A15: Sprint | B15: Compoment | C15: Task name | E15: Responsible Member | G15: Thực tế | H15: Ước tính | I15: 46129 | J15: 46130 | K15: 46131 | L15: 46132 | M15: 46133 | N15: 46134 | O15: 46135 | P15: 46136 | Q15: 46137 | R15: 46138 | S15: 46139 | T15: 46140 | U15: 46141 | V15: 46142 | W15: 46143 | X15: 46144 | Y15: 46145 | Z15: 46146 | AA15: 46147 | AB15: 46148 | AC15: 46149 | AD15: 46150 | AE15: 46151 | AF15: 46152 | AG15: 46153
A16: Sprint 3 | B16: Họp kế hoạch Sprint | E16: All team | G16: 10 | H16: 10 | I16: 0 | J16: 0 | K16: 0 | L16: 0 | M16: 0 | N16: 0 | O16: 0 | P16: 0 | Q16: 0 | R16: 0 | S16: 0 | T16: 0 | U16: 0 | V16: 0 | W16: 0 | X16: 0 | Y16: 0 | Z16: 0 | AA16: 0 | AB16: 0 | AC16: 0 | AD16: 0 | AE16: 0 | AF16: 0 | AG16: 0
B17: Tạo Sprint Backlog 3 | E17: Bảo | G17: 5 | H17: 5 | I17: 5 | J17: 0 | K17: 0 | L17: 0 | M17: 0 | N17: 0 | O17: 0 | P17: 0 | Q17: 0 | R17: 0 | S17: 0 | T17: 0 | U17: 0 | V17: 0 | W17: 0 | X17: 0 | Y17: 0 | Z17: 0 | AA17: 0 | AB17: 0 | AC17: 0 | AD17: 0 | AE17: 0 | AF17: 0 | AG17: 0
B18: Tạo tài liệu kiểm thử cho Sprint | E18: Hà | G18: 5 | H18: 5 | I18: 5 | J18: 0 | K18: 0 | L18: 0 | M18: 0 | N18: 0 | O18: 0 | P18: 0 | Q18: 0 | R18: 0 | S18: 0 | T18: 0 | U18: 0 | V18: 0 | W18: 0 | X18: 0 | Y18: 0 | Z18: 0 | AA18: 0 | AB18: 0 | AC18: 0 | AD18: 0 | AE18: 0 | AF18: 0 | AG18: 0
B19: User interface design | C19: Tìm kiếm | E19: Quân | G19: 1 | H19: 2 | I19: 2 | J19: 1 | K19: 0 | L19: 0 | M19: 0 | N19: 0 | O19: 0 | P19: 0 | Q19: 0 | R19: 0 | S19: 0 | T19: 0 | U19: 0 | V19: 0 | W19: 0 | X19: 0 | Y19: 0 | Z19: 0 | AA19: 0 | AB19: 0 | AC19: 0 | AD19: 0 | AE19: 0 | AF19: 0 | AG19: 0
K20: 1 | L20: 0 | M20: 0 | N20: 0 | O20: 0 | P20: 0 | Q20: 0 | R20: 0 | S20: 0 | T20: 0 | U20: 0 | V20: 0 | W20: 0 | X20: 0 | Y20: 0 | Z20: 0 | AA20: 0 | AB20: 0 | AC20: 0 | AD20: 0 | AE20: 0 | AF20: 0 | AG20: 0
C21: Quản lý tài khoản | E21: Luân | G21: 2 | H21: 2 | I21: 2 | J21: 2 | K21: 0 | L21: 0 | M21: 0 | N21: 0 | O21: 0 | P21: 0 | Q21: 0 | R21: 0 | S21: 0 | T21: 0 | U21: 0 | V21: 0 | W21: 0 | X21: 0 | Y21: 0 | Z21: 0 | AA21: 0 | AB21: 0 | AC21: 0 | AD21: 0 | AE21: 0 | AF21: 0 | AG21: 0
C22: Quản lý khuyến mãi | E22: Hà | G22: 2 | H22: 2 | I22: 2 | J22: 2 | K22: 0 | L22: 0 | M22: 0 | N22: 0 | O22: 0 | P22: 0 | Q22: 0 | R22: 0 | S22: 0 | T22: 0 | U22: 0 | V22: 0 | W22: 0 | X22: 0 | Y22: 0 | Z22: 0 | AA22: 0 | AB22: 0 | AC22: 0 | AD22: 0 | AE22: 0 | AF22: 0 | AG22: 0
C23: Báo cáo thống kê | E23: Trung | G23: 2 | H23: 2 | I23: 2 | J23: 2 | K23: 2 | L23: 0 | M23: 0 | N23: 0 | O23: 0 | P23: 0 | Q23: 0 | R23: 0 | S23: 0 | T23: 0 | U23: 0 | V23: 0 | W23: 0 | X23: 0 | Y23: 0 | Z23: 0 | AA23: 0 | AB23: 0 | AC23: 0 | AD23: 0 | AE23: 0 | AF23: 0 | AG23: 0
C24: Chatbot | E24: Bảo | G24: 1 | H24: 2 | I24: 2 | J24: 2 | K24: 1 | L24: 0 | M24: 0 | N24: 0 | O24: 0 | P24: 0 | Q24: 0 | R24: 0 | S24: 0 | T24: 0 | U24: 0 | V24: 0 | W24: 0 | X24: 0 | Y24: 0 | Z24: 0 | AA24: 0 | AB24: 0 | AC24: 0 | AD24: 0 | AE24: 0 | AF24: 0 | AG24: 0
L25: 1 | M25: 0 | N25: 0 | O25: 0 | P25: 0 | Q25: 0 | R25: 0 | S25: 0 | T25: 0 | U25: 0 | V25: 0 | W25: 0 | X25: 0 | Y25: 0 | Z25: 0 | AA25: 0 | AB25: 0 | AC25: 0 | AD25: 0 | AE25: 0 | AF25: 0 | AG25: 0
C26: Quản lý thanh toán | E26: Hà | G26: 2 | H26: 2 | I26: 2 | J26: 2 | K26: 2 | L26: 0 | M26: 0 | N26: 0 | O26: 0 | P26: 0 | Q26: 0 | R26: 0 | S26: 0 | T26: 0 | U26: 0 | V26: 0 | W26: 0 | X26: 0 | Y26: 0 | Z26: 0 | AA26: 0 | AB26: 0 | AC26: 0 | AD26: 0 | AE26: 0 | AF26: 0 | AG26: 0
C27: Review all user interfaces of sprint 3 | E27: All team | G27: 2 | H27: 2 | I27: 2 | J27: 2 | K27: 2 | L27: 0 | M27: 0 | N27: 0 | O27: 0 | P27: 0 | Q27: 0 | R27: 0 | S27: 0 | T27: 0 | U27: 0 | V27: 0 | W27: 0 | X27: 0 | Y27: 0 | Z27: 0 | AA27: 0 | AB27: 0 | AC27: 0 | AD27: 0 | AE27: 0 | AF27: 0 | AG27: 0
B28: Design test case | C28: Thiết kế Tìm kiếm | E28: Hà | G28: 1 | H28: 2 | I28: 2 | J28: 2 | K28: 2 | L28: 1 | M28: 0 | N28: 0 | O28: 0 | P28: 0 | Q28: 0 | R28: 0 | S28: 0 | T28: 0 | U28: 0 | V28: 0 | W28: 0 | X28: 0 | Y28: 0 | Z28: 0 | AA28: 0 | AB28: 0 | AC28: 0 | AD28: 0 | AE28: 0 | AF28: 0 | AG28: 0
M29: 1 | N29: 0 | O29: 0 | P29: 0 | Q29: 0 | R29: 0 | S29: 0 | T29: 0 | U29: 0 | V29: 0 | W29: 0 | X29: 0 | Y29: 0 | Z29: 0 | AA29: 0 | AB29: 0 | AC29: 0 | AD29: 0 | AE29: 0 | AF29: 0 | AG29: 0
C30: Thiết kế Quản lý tài khoản | E30: Luân | G30: 2 | H30: 2 | I30: 2 | J30: 2 | K30: 2 | L30: 2 | M30: 0 | N30: 0 | O30: 0 | P30: 0 | Q30: 0 | R30: 0 | S30: 0 | T30: 0 | U30: 0 | V30: 0 | W30: 0 | X30: 0 | Y30: 0 | Z30: 0 | AA30: 0 | AB30: 0 | AC30: 0 | AD30: 0 | AE30: 0 | AF30: 0 | AG30: 0
C31: Thiết kế Quản lý khuyến mãi | E31: Hà | G31: 2 | H31: 2 | I31: 2 | J31: 2 | K31: 2 | L31: 2 | M31: 2 | N31: 0 | O31: 0 | P31: 0 | Q31: 0 | R31: 0 | S31: 0 | T31: 0 | U31: 0 | V31: 0 | W31: 0 | X31: 0 | Y31: 0 | Z31: 0 | AA31: 0 | AB31: 0 | AC31: 0 | AD31: 0 | AE31: 0 | AF31: 0 | AG31: 0
C32: Thiết kế Báo cáo thống kê | E32: Luân | G32: 4 | H32: 2 | I32: 2 | J32: 2 | K32: 2 | L32: 2 | M32: 2 | N32: 0 | O32: 0 | P32: 0 | Q32: 0 | R32: 0 | S32: 0 | T32: 0 | U32: 0 | V32: 0 | W32: 0 | X32: 0 | Y32: 0 | Z32: 0 | AA32: 0 | AB32: 0 | AC32: 0 | AD32: 0 | AE32: 0 | AF32: 0 | AG32: 0
N33: 2 | O33: 0 | P33: 0 | Q33: 0 | R33: 0 | S33: 0 | T33: 0 | U33: 0 | V33: 0 | W33: 0 | X33: 0 | Y33: 0 | Z33: 0 | AA33: 0 | AB33: 0 | AC33: 0 | AD33: 0 | AE33: 0 | AF33: 0 | AG33: 0
C34: Thiết kế Chatbot | E34: Hà | G34: 2 | H34: 2 | I34: 2 | J34: 2 | K34: 2 | L34: 2 | M34: 2 | N34: 2 | O34: 0 | P34: 0 | Q34: 0 | R34: 0 | S34: 0 | T34: 0 | U34: 0 | V34: 0 | W34: 0 | X34: 0 | Y34: 0 | Z34: 0 | AA34: 0 | AB34: 0 | AC34: 0 | AD34: 0 | AE34: 0 | AF34: 0 | AG34: 0
C35: Thiết kế Quản lý thanh toán | E35: Luân | G35: 2 | H35: 2 | I35: 2 | J35: 2 | K35: 2 | L35: 2 | M35: 2 | N35: 2 | O35: 0 | P35: 0 | Q35: 0 | R35: 0 | S35: 0 | T35: 0 | U35: 0 | V35: 0 | W35: 0 | X35: 0 | Y35: 0 | Z35: 0 | AA35: 0 | AB35: 0 | AC35: 0 | AD35: 0 | AE35: 0 | AF35: 0 | AG35: 0
C36: Review all user interfaces of sprint 3 | E36: All team | G36: 3 | H36: 3 | I36: 3 | J36: 3 | K36: 3 | L36: 3 | M36: 3 | N36: 3 | O36: 0 | P36: 0 | Q36: 0 | R36: 0 | S36: 0 | T36: 0 | U36: 0 | V36: 0 | W36: 0 | X36: 0 | Y36: 0 | Z36: 0 | AA36: 0 | AB36: 0 | AC36: 0 | AD36: 0 | AE36: 0 | AF36: 0 | AG36: 0
B37: Coding | C37: Code back-end cho Tìm kiếm | E37: Quân | G37: 3 | H37: 3 | I37: 3 | J37: 3 | K37: 3 | L37: 3 | M37: 3 | N37: 3 | O37: 3 | P37: 3 | Q37: 0 | R37: 0 | S37: 0 | T37: 0 | U37: 0 | V37: 0 | W37: 0 | X37: 0 | Y37: 0 | Z37: 0 | AA37: 0 | AB37: 0 | AC37: 0 | AD37: 0 | AE37: 0 | AF37: 0 | AG37: 0
C38: Code front-end cho Tìm kiếm | E38: Quân | G38: 2 | H38: 2 | I38: 2 | J38: 2 | K38: 2 | L38: 2 | M38: 2 | N38: 2 | O38: 2 | P38: 0 | Q38: 0 | R38: 0 | S38: 0 | T38: 0 | U38: 0 | V38: 0 | W38: 0 | X38: 0 | Y38: 0 | Z38: 0 | AA38: 0 | AB38: 0 | AC38: 0 | AD38: 0 | AE38: 0 | AF38: 0 | AG38: 0
C39: Code back-end cho Quản lý tài khoản | E39: Quân | G39: 8 | H39: 8 | I39: 8 | J39: 8 | K39: 8 | L39: 8 | M39: 8 | N39: 8 | O39: 8 | P39: 8 | Q39: 0 | R39: 0 | S39: 0 | T39: 0 | U39: 0 | V39: 0 | W39: 0 | X39: 0 | Y39: 0 | Z39: 0 | AA39: 0 | AB39: 0 | AC39: 0 | AD39: 0 | AE39: 0 | AF39: 0 | AG39: 0
C40: Code front-end cho Quản lý tài khoản | E40: Bảo | G40: 5 | H40: 5 | I40: 5 | J40: 5 | K40: 5 | L40: 5 | M40: 5 | N40: 5 | O40: 5 | P40: 0 | Q40: 0 | R40: 0 | S40: 0 | T40: 0 | U40: 0 | V40: 0 | W40: 0 | X40: 0 | Y40: 0 | Z40: 0 | AA40: 0 | AB40: 0 | AC40: 0 | AD40: 0 | AE40: 0 | AF40: 0 | AG40: 0
C41: Code back-end cho Quản lý khuyến mãi | E41: Bảo | G41: 8 | H41: 8 | I41: 8 | J41: 8 | K41: 8 | L41: 8 | M41: 8 | N41: 8 | O41: 8 | P41: 8 | Q41: 8 | R41: 8 | S41: 0 | T41: 0 | U41: 0 | V41: 0 | W41: 0 | X41: 0 | Y41: 0 | Z41: 0 | AA41: 0 | AB41: 0 | AC41: 0 | AD41: 0 | AE41: 0 | AF41: 0 | AG41: 0
C42: Code front-end cho Quản lý khuyến mãi | E42: Hà | G42: 5 | H42: 5 | I42: 5 | J42: 5 | K42: 5 | L42: 5 | M42: 5 | N42: 5 | O42: 5 | P42: 5 | Q42: 0 | R42: 0 | S42: 0 | T42: 0 | U42: 0 | V42: 0 | W42: 0 | X42: 0 | Y42: 0 | Z42: 0 | AA42: 0 | AB42: 0 | AC42: 0 | AD42: 0 | AE42: 0 | AF42: 0 | AG42: 0
C43: Code back-end cho Báo cáo thống kê | E43: Bảo | G43: 8 | H43: 5 | I43: 5 | J43: 5 | K43: 5 | L43: 5 | M43: 5 | N43: 5 | O43: 5 | P43: 5 | Q43: 5 | R43: 5 | S43: 5 | T43: 0 | U43: 0 | V43: 0 | W43: 0 | X43: 0 | Y43: 0 | Z43: 0 | AA43: 0 | AB43: 0 | AC43: 0 | AD43: 0 | AE43: 0 | AF43: 0 | AG43: 0
T44: 3
C45: Code front-end cho Báo cáo thống kê | E45: Bảo | G45: 6 | H45: 5 | I45: 5 | J45: 5 | K45: 5 | L45: 5 | M45: 5 | N45: 5 | O45: 5 | P45: 5 | Q45: 0 | R45: 0 | S45: 0 | T45: 0 | U45: 0 | V45: 0 | W45: 0 | X45: 0 | Y45: 0 | Z45: 0 | AA45: 0 | AB45: 0 | AC45: 0 | AD45: 0 | AE45: 0 | AF45: 0 | AG45: 0
Q46: 1 | R46: 0 | S46: 0 | T46: 0 | U46: 0 | V46: 0 | W46: 0 | X46: 0 | Y46: 0 | Z46: 0 | AA46: 0 | AB46: 0 | AC46: 0 | AD46: 0 | AE46: 0 | AF46: 0 | AG46: 0
C47: Code back-end cho chatbot | E47: Bảo | G47: 13 | H47: 8 | I47: 8 | J47: 8 | K47: 8 | L47: 8 | M47: 8 | N47: 8 | O47: 8 | P47: 8 | Q47: 8 | R47: 8 | S47: 8 | T47: 8 | U47: 8 | V47: 8 | W47: 8 | X47: 8 | Y47: 8 | Z47: 8 | AA47: 8 | AB47: 0 | AC47: 0 | AD47: 0 | AE47: 0 | AF47: 0 | AG47: 0
AB48: 5
C49: Code front-end cho Chatbot | E49: Trung | G49: 4 | H49: 4 | I49: 4 | J49: 4 | K49: 4 | L49: 4 | M49: 4 | N49: 4 | O49: 4 | P49: 4 | Q49: 4 | R49: 4 | S49: 4 | T49: 0 | U49: 0 | V49: 0 | W49: 0 | X49: 0 | Y49: 0 | Z49: 0 | AA49: 0 | AB49: 0 | AC49: 0 | AD49: 0 | AE49: 0 | AF49: 0 | AG49: 0
C50: Code back-end cho Quản lý thanh toán | E50: Quân | G50: 6 | H50: 8 | I50: 8 | J50: 8 | K50: 8 | L50: 8 | M50: 8 | N50: 8 | O50: 8 | P50: 8 | Q50: 8 | R50: 8 | S50: 8 | T50: 8 | U50: 8 | V50: 6 | W50: 0 | X50: 0 | Y50: 0 | Z50: 0 | AA50: 0 | AB50: 0 | AC50: 0 | AD50: 0 | AE50: 0 | AF50: 0 | AG50: 0
W51: 2 | X51: 0 | Y51: 0 | Z51: 0 | AA51: 0 | AB51: 0 | AC51: 0 | AD51: 0 | AE51: 0 | AF51: 0 | AG51: 0
C52: Code front-end cho Quản lý thanh toán | E52: Quân | G52: 8 | H52: 8 | I52: 8 | J52: 8 | K52: 8 | L52: 8 | M52: 8 | N52: 8 | O52: 8 | P52: 8 | Q52: 8 | R52: 8 | S52: 8 | T52: 8 | U52: 8 | V52: 8 | W52: 8 | X52: 8 | Y52: 0 | Z52: 0 | AA52: 0 | AB52: 0 | AC52: 0 | AD52: 0 | AE52: 0 | AF52: 0 | AG52: 0
C53: Integrate code | E53: All team | G53: 8 | H53: 8 | I53: 8 | J53: 8 | K53: 8 | L53: 8 | M53: 8 | N53: 8 | O53: 8 | P53: 8 | Q53: 8 | R53: 8 | S53: 8 | T53: 8 | U53: 8 | V53: 8 | W53: 8 | X53: 8 | Y53: 8 | Z53: 8 | AA53: 8 | AB53: 8 | AC53: 0 | AD53: 0 | AE53: 0 | AF53: 0 | AG53: 0
B54: Testing | C54: Kiểm tra Tìm kiếm | E54: Luân | G54: 2 | H54: 2 | I54: 2 | J54: 2 | K54: 2 | L54: 2 | M54: 2 | N54: 2 | O54: 2 | P54: 2 | Q54: 2 | R54: 0 | S54: 0 | T54: 0 | U54: 0 | V54: 0 | W54: 0 | X54: 0 | Y54: 0 | Z54: 0 | AA54: 0 | AB54: 0 | AC54: 0 | AD54: 0 | AE54: 0 | AF54: 0 | AG54: 0
C55: Kiểm tra Quản lý tài khoản | E55: Hà | G55: 2 | H55: 2 | I55: 2 | J55: 2 | K55: 2 | L55: 2 | M55: 2 | N55: 2 | O55: 2 | P55: 2 | Q55: 2 | R55: 0 | S55: 0 | T55: 0 | U55: 0 | V55: 0 | W55: 0 | X55: 0 | Y55: 0 | Z55: 0 | AA55: 0 | AB55: 0 | AC55: 0 | AD55: 0 | AE55: 0 | AF55: 0 | AG55: 0
C56: Kiểm tra Quản lý khuyến mãi | E56: Luân | G56: 2 | H56: 2 | I56: 2 | J56: 2 | K56: 2 | L56: 2 | M56: 2 | N56: 2 | O56: 2 | P56: 2 | Q56: 2 | R56: 2 | S56: 2 | T56: 0 | U56: 0 | V56: 0 | W56: 0 | X56: 0 | Y56: 0 | Z56: 0 | AA56: 0 | AB56: 0 | AC56: 0 | AD56: 0 | AE56: 0 | AF56: 0 | AG56: 0
C57: Kiểm tra Báo cáo thống kê | E57: Hà | G57: 2.5 | H57: 2 | I57: 2 | J57: 2 | K57: 2 | L57: 2 | M57: 2 | N57: 2 | O57: 2 | P57: 2 | Q57: 2 | R57: 2 | S57: 2 | T57: 2 | U57: 0 | V57: 0 | W57: 0 | X57: 0 | Y57: 0 | Z57: 0 | AA57: 0 | AB57: 0 | AC57: 0 | AD57: 0 | AE57: 0 | AF57: 0 | AG57: 0
U58: 0.5 | V58: 0 | W58: 0 | X58: 0 | Y58: 0 | Z58: 0 | AA58: 0 | AB58: 0 | AC58: 0 | AD58: 0 | AE58: 0 | AF58: 0 | AG58: 0
C59: Kiểm tra Chatbot | E59: Luân | G59: 3 | H59: 2 | I59: 2 | J59: 2 | K59: 2 | L59: 2 | M59: 2 | N59: 2 | O59: 2 | P59: 2 | Q59: 2 | R59: 2 | S59: 2 | T59: 2 | U59: 2 | V59: 2 | W59: 2 | X59: 2 | Y59: 2 | Z59: 2 | AA59: 2 | AB59: 2 | AC59: 0 | AD59: 0 | AE59: 0 | AF59: 0 | AG59: 0
AC60: 1
C61: Kiểm tra Quản lý thanh toán | E61: Hà | G61: 2 | H61: 2 | I61: 2 | J61: 2 | K61: 2 | L61: 2 | M61: 2 | N61: 2 | O61: 2 | P61: 2 | Q61: 2 | R61: 2 | T61: 2 | U61: 2 | V61: 2 | W61: 2 | X61: 2 | Y61: 0 | Z61: 0 | AA61: 0 | AB61: 0 | AC61: 0 | AD61: 0 | AE61: 0 | AF61: 0 | AG61: 0
B62: Fix Bug | C62: Sửa lỗi Tìm kiếm | E62: Quân | G62: 2 | H62: 2 | I62: 2 | J62: 2 | K62: 2 | L62: 2 | M62: 2 | N62: 2 | O62: 2 | P62: 2 | Q62: 2 | R62: 2 | S62: 0 | T62: 0 | U62: 0 | V62: 0 | W62: 0 | X62: 0 | Y62: 0 | Z62: 0 | AA62: 0 | AB62: 0 | AC62: 0 | AD62: 0 | AE62: 0 | AF62: 0 | AG62: 0
C63: Sửa lỗi Quản lý tài khoản | E63: Bảo,Quân | G63: 2 | H63: 2 | I63: 2 | J63: 2 | K63: 2 | L63: 2 | M63: 2 | N63: 2 | O63: 2 | P63: 2 | Q63: 2 | R63: 2 | S63: 0 | T63: 0 | U63: 0 | V63: 0 | W63: 0 | X63: 0 | Y63: 0 | Z63: 0 | AA63: 0 | AB63: 0 | AC63: 0 | AD63: 0 | AE63: 0 | AF63: 0 | AG63: 0
C64: Sửa lỗi Quản lý khuyến mãi | E64: Bảo,Hà | G64: 2 | H64: 2 | I64: 2 | J64: 2 | K64: 2 | L64: 2 | M64: 2 | N64: 2 | O64: 2 | P64: 2 | Q64: 2 | R64: 2 | S64: 2 | T64: 2 | U64: 0 | V64: 0 | W64: 0 | X64: 0 | Y64: 0 | Z64: 0 | AA64: 0 | AB64: 0 | AC64: 0 | AD64: 0 | AE64: 0 | AF64: 0 | AG64: 0
C65: Sửa lỗi Báo cáo thống kê | E65: Bảo | G65: 9 | H65: 2 | I65: 2 | J65: 2 | K65: 2 | L65: 2 | M65: 2 | N65: 2 | O65: 2 | P65: 2 | Q65: 2 | R65: 2 | S65: 2 | T65: 2 | U65: 2 | V65: 0 | W65: 0 | X65: 0 | Y65: 0 | Z65: 0 | AA65: 0 | AB65: 0 | AC65: 0 | AD65: 0 | AE65: 0 | AF65: 0 | AG65: 0
V66: 7 | W66: 0 | X66: 0 | Y66: 0 | Z66: 0 | AA66: 0 | AB66: 0 | AC66: 0 | AD66: 0 | AE66: 0 | AF66: 0 | AG66: 0
C67: Sửa lỗi Chatbot | E67: Bảo,Trung | G67: 4 | H67: 2 | I67: 2 | J67: 2 | K67: 2 | L67: 2 | M67: 2 | N67: 2 | O67: 2 | P67: 2 | Q67: 2 | R67: 2 | S67: 2 | T67: 2 | U67: 2 | V67: 2 | W67: 2 | X67: 2 | Y67: 2 | Z67: 2 | AA67: 2 | AB67: 2 | AC67: 2 | AD67: 0 | AE67: 0 | AF67: 0 | AG67: 0
AD68: 2
C69: Sửa lỗi Quản lý thanh toán | E69: Quân | G69: 2 | H69: 2 | I69: 2 | J69: 2 | K69: 2 | L69: 2 | M69: 2 | N69: 2 | O69: 2 | P69: 2 | Q69: 2 | R69: 2 | S69: 2 | T69: 2 | U69: 2 | V69: 2 | W69: 2 | X69: 2 | Y69: 2 | Z69: 0 | AA69: 0 | AB69: 0 | AC69: 0 | AD69: 0 | AE69: 0 | AF69: 0 | AG69: 0
B70: Re-testing | C70: Kiểm tra lại Tìm kiếm | E70: Luân | G70: 2 | H70: 2 | I70: 2 | J70: 2 | K70: 2 | L70: 2 | M70: 2 | N70: 2 | O70: 2 | P70: 2 | Q70: 2 | R70: 2 | T70: 0 | U70: 0 | V70: 0 | W70: 0 | X70: 0 | Y70: 0 | Z70: 0 | AA70: 0 | AB70: 0 | AC70: 0 | AD70: 0 | AE70: 0 | AF70: 0 | AG70: 0
C71: Kiểm tra lại Quản lý tài khoản | E71: Hà | G71: 2 | H71: 2 | I71: 2 | J71: 2 | K71: 2 | L71: 2 | M71: 2 | N71: 2 | O71: 2 | P71: 2 | Q71: 2 | R71: 2 | T71: 0 | U71: 0 | V71: 0 | W71: 0 | X71: 0 | Y71: 0 | Z71: 0 | AA71: 0 | AB71: 0 | AC71: 0 | AD71: 0 | AE71: 0 | AF71: 0 | AG71: 0
C72: Kiểm tra lạiQuản lý khuyến mãi | E72: Luân | G72: 2 | H72: 2 | I72: 2 | J72: 2 | K72: 2 | L72: 2 | M72: 2 | N72: 2 | O72: 2 | P72: 2 | Q72: 2 | R72: 2 | S72: 2 | T72: 2 | U72: 2 | V72: 0 | W72: 0 | X72: 0 | Y72: 0 | Z72: 0 | AA72: 0 | AB72: 0 | AC72: 0 | AD72: 0 | AE72: 0 | AF72: 0 | AG72: 0
C73: Kiểm tra lại Báo cáo thống kê | E73: Hà | G73: 4 | H73: 2 | I73: 2 | J73: 2 | K73: 2 | L73: 2 | M73: 2 | N73: 2 | O73: 2 | P73: 2 | Q73: 2 | R73: 2 | S73: 2 | T73: 2 | U73: 2 | V73: 2 | W73: 0 | X73: 0 | Y73: 0 | Z73: 0 | AA73: 0 | AB73: 0 | AC73: 0 | AD73: 0 | AE73: 0 | AF73: 0 | AG73: 0
W74: 2
C75: Kiểm tra lại Chatbot | E75: Luân | G75: 3 | H75: 2 | I75: 2 | J75: 2 | K75: 2 | L75: 2 | M75: 2 | N75: 2 | O75: 2 | P75: 2 | Q75: 2 | R75: 2 | S75: 2 | T75: 2 | U75: 2 | V75: 2 | W75: 2 | X75: 2 | Y75: 2 | Z75: 2 | AA75: 2 | AB75: 2 | AC75: 2 | AD75: 2 | AE75: 0 | AF75: 0 | AG75: 0
AE76: 1
C77: Kiểm tra lại Quản lý thanh toán | E77: Hà | G77: 2 | H77: 2 | I77: 2 | J77: 2 | K77: 2 | L77: 2 | M77: 2 | N77: 2 | O77: 2 | P77: 2 | Q77: 2 | R77: 2 | S77: 2 | T77: 2 | U77: 2 | V77: 2 | W77: 2 | X77: 2 | Y77: 2 | Z77: 2 | AA77: 0 | AB77: 0 | AC77: 0 | AD77: 0 | AE77: 0 | AF77: 0 | AG77: 0
B78: Release Sprint 3 | C78: Sprint 3 review meeting | E78: All team | G78: 5 | H78: 5 | I78: 5 | J78: 5 | K78: 5 | L78: 5 | M78: 5 | N78: 5 | O78: 5 | P78: 5 | Q78: 5 | R78: 5 | S78: 5 | T78: 5 | U78: 5 | V78: 5 | W78: 5 | X78: 5 | Y78: 5 | Z78: 5 | AA78: 5 | AB78: 5 | AC78: 5 | AD78: 5 | AE78: 5 | AF78: 0 | AG78: 0
C79: Sprint 3 retrospective | E79: All team | G79: 5 | H79: 5 | I79: 5 | J79: 5 | K79: 5 | L79: 5 | M79: 5 | N79: 5 | O79: 5 | P79: 5 | Q79: 5 | R79: 5 | S79: 5 | T79: 5 | U79: 5 | V79: 5 | W79: 5 | X79: 5 | Y79: 5 | Z79: 5 | AA79: 5 | AB79: 5 | AC79: 5 | AD79: 5 | AE79: 5 | AF79: 5 | AG79: 0
B80: Tổng | E80: Thực tế | G80: =SUM(G16:G79) -> 191.5 | I80: =SUM(I16:I79) -> 162 | J80: =SUM(J16:J79) -> 151 | K80: =SUM(K16:K79)-K23-K21 -> 144 | L80: =SUM(L16:L79) -> 138 | M80: =SUM(M16:M79) -> 135 | N80: =SUM(N16:N79) -> 132 | O80: =SUM(O16:O79) -> 123 | P80: =SUM(P16:P79) -> 116 | Q80: =SUM(Q16:Q79) -> 96 | R80: =SUM(R16:R79) -> 91 | S80: =SUM(S16:S79) -> 73 | ... AG80: =SUM(AG16:AG79) -> 0
E81: Ước tính | G81: =SUM(H16:H79) -> 172 | I81: =SUM(I16:I79) -> 162 | J81: =SUM(J16:J79)+K20 -> 152 | K81: =SUM(K16:K79)-K20+L25 -> 146 | L81: =SUM(L16:L79)-L25+M29 -> 138 | M81: =SUM(M16:M79)-M29 -> 134 | N81: =SUM(N16:N79)-N33 -> 130 | O81: =SUM(O16:O79) -> 123 | P81: =SUM(P16:P79) -> 116 | Q81: =SUM(Q16:Q79)-Q46 -> 95 | R81: =SUM(R16:R79) -> 91 | S81: =SUM(S16:S79) -> 73 | T81: =SUM(T16:T79)-T44 -> 64 | U81: =SUM(U16:U79)-U58 -> 60 | V81: =SUM(V16:V79)-V66+W51 -> 56 | W81: =SUM(W16:W79)-W74-W51 -> 46 | X81: =SUM(X16:X79) -> 46 | Y81: =SUM(Y16:Y79) -> 36 | Z81: =SUM(Z16:Z79) -> 34 | AA81: =SUM(AA16:AA79) -> 32 | AB81: =SUM(AB16:AB79)-AB48 -> 24 | AC81: =SUM(AC16:AC79)-AC60 -> 14 | AD81: =SUM(AD16:AD79)-AD68 -> 12 | AE81: =SUM(AE16:AE79)-AE76 -> 10 | AF81: =SUM(AF16:AF79) -> 5 | AG81: =SUM(AG16:AG79) -> 0

Sheet Total
A1: SPRINT BACKLOG REPORT
B2: Bảo | D2: Quân | F2: Trung | H2: Hà | J2: Luân
B3: Thực tế | C3: Ước tính | D3: Thực tế | E3: Ước tính | F3: Thực tế | G3: Ước tính | H3: Thực tế | I3: Ước tính | J3: Thực tế | K3: Ước tính
A4: Sprint 1 | B4: ='Sprint 1'!$D$8 -> 37.5 | C4: ='Sprint 1'!$E$8 -> 41.2 | D4: ='Sprint 1'!$D$9 -> 30.5 | E4: ='Sprint 1'!$E$9 -> 30.2 | F4: ='Sprint 1'!$D$10 -> 34.5 | G4: ='Sprint 1'!$E$10 -> 36.2 | H4: ='Sprint 1'!$D$11 -> 33.5 | I4: ='Sprint 1'!$E$11 -> 37.2 | J4: ='Sprint 1'!$D$12 -> 28 | K4: ='Sprint 1'!$E$12 -> 28.2
A5: Sprint 2 | B5: ='Sprint 2'!D8 -> 34.1 | C5: ='Sprint 2'!$E$8 -> 32.2 | D5: ='Sprint 2'!$D$9 -> 46.6 | E5: ='Sprint 2'!$E$9 -> 49.2 | F5: ='Sprint 2'!$D$10 -> 32.1 | G5: ='Sprint 2'!$E$10 -> 27.2 | H5: ='Sprint 2'!$D$11 -> 48.6 | I5: ='Sprint 2'!$E$11 -> 43.2 | J5: ='Sprint 2'!$D$12 -> 32.6 | K5: ='Sprint 2'!$E$12 -> 30.2
A6: Sprint 3 | B6: ='Sprint 3'!D8 -> 65.6 | C6: ='Sprint 3'!E8 -> 49.6 | D6: ='Sprint 3'!D9 -> 39.6 | E6: ='Sprint 3'!$E$9 -> 42.6 | F6: ='Sprint 3'!$D$10 -> 14.6 | G6: ='Sprint 3'!$E$10 -> 13.6 | H6: ='Sprint 3'!$D$11 -> 41.1 | I6: ='Sprint 3'!$E$11 -> 39.6 | J6: ='Sprint 3'!$D$12 -> 30.6 | K6: ='Sprint 3'!$E$12 -> 26.6
A7: Tổng | B7: =SUM(B4:B6) -> 137.2 | C7: =SUM(C4:C6) -> 123 | D7: =SUM(D4:D6) -> 116.7 | E7: =SUM(E4:E6) -> 122 | F7: =SUM(F4:F6) -> 81.2 | G7: =SUM(G4:G6) -> 77 | H7: =SUM(H4:H6) -> 123.2 | I7: =SUM(I4:I6) -> 120 | ... K7: =SUM(K4:K6) -> 85
E10: FINAL TOTAL
E11: Thực tế | F11: =SUMIF($B$3:$K$3,"Thực tế",$B$7:$K$7) -> 549.5
E12: Ước tính | F12: =SUMIF($B$3:$K$3,"Ước tính",$B$7:$K$7) -> 527
